ID,Name,Age,Department,Salary
1,Employee1,46,Marketing,43310
2,Employee2,65,Engineering,61112
3,Employee3,46,Sales,65876
4,Employee4,39,Engineering,68970
5,Employee5,24,Engineering,71470
6,Employee6,38,HR,53039
7,Employee7,30,Sales,85064
8,Employee8,36,Sales,73091
9,Employee9,52,Marketing,73562
10,Employee10,22,Marketing,76349
11,Employee11,54,Sales,78422
12,Employee12,61,Engineering,93144
13,Employee13,22,HR,64582
14,Employee14,62,Marketing,88372
15,Employee15,42,Engineering,47899
16,Employee16,58,Engineering,52021
17,Employee17,21,Engineering,61784
18,Employee18,55,HR,80014
19,Employee19,58,Engineering,101762
20,Employee20,61,Sales,94220
21,Employee21,45,Sales,45801
22,Employee22,59,Sales,64137
23,Employee23,36,Marketing,52101
24,Employee24,58,HR,80924
25,Employee25,42,Engineering,42988
26,Employee26,50,HR,108304
27,Employee27,25,HR,118086
28,Employee28,65,Engineering,92249
29,Employee29,33,Engineering,108635
30,Employee30,25,HR,69395
31,Employee31,25,Engineering,104798
32,Employee32,33,Marketing,41913
33,Employee33,55,Sales,56440
34,Employee34,26,Sales,118795
35,Employee35,22,Engineering,40477
36,Employee36,25,HR,53732
37,Employee37,58,Engineering,42227
38,Employee38,50,Engineering,115959
39,Employee39,47,Sales,95378
40,Employee40,46,Engineering,117795
41,Employee41,64,Marketing,116586
42,Employee42,65,Engineering,72536
43,Employee43,62,HR,56300
44,Employee44,24,Engineering,57540
45,Employee45,61,HR,50600
46,Employee46,57,Engineering,114891
47,Employee47,65,Marketing,72477
48,Employee48,35,Engineering,107322
49,Employee49,37,Engineering,113596
50,Employee50,65,Marketing,58131
51,Employee51,49,Engineering,41522
52,Employee52,40,Marketing,96656
53,Employee53,42,HR,87521
54,Employee54,31,Sales,44808
55,Employee55,40,Sales,87431
56,Employee56,28,Engineering,45008
57,Employee57,27,Marketing,61642
58,Employee58,51,Sales,88363
59,Employee59,21,Sales,103733
60,Employee60,31,Sales,67970
61,Employee61,29,Marketing,80355
62,Employee62,55,Marketing,80484
63,Employee63,36,Engineering,76713
64,Employee64,30,Sales,118089
65,Employee65,57,HR,41553
66,Employee66,34,HR,80674
67,Employee67,63,Sales,117259
68,Employee68,26,Engineering,51283
69,Employee69,27,HR,41838
70,Employee70,31,HR,108450
71,Employee71,63,Marketing,89617
72,Employee72,59,Engineering,40590
73,Employee73,56,Engineering,72556
74,Employee74,62,Engineering,51733
75,Employee75,46,HR,100282
76,Employee76,64,HR,61656
77,Employee77,41,Engineering,98958
78,Employee78,54,Sales,59336
79,Employee79,45,Sales,50579
80,Employee80,34,Engineering,41441
81,Employee81,53,Sales,107325
82,Employee82,29,HR,60005
83,Employee83,64,Engineering,91663
84,Employee84,27,Engineering,74968
85,Employee85,59,Engineering,89145
86,Employee86,55,HR,54792
87,Employee87,45,Marketing,94868
88,Employee88,24,Sales,106983
89,Employee89,20,Engineering,54608
90,Employee90,60,Engineering,114157
91,Employee91,23,Engineering,83950
92,Employee92,34,HR,90809
93,Employee93,42,Engineering,51853
94,Employee94,29,Sales,83859
95,Employee95,39,Marketing,65135
96,Employee96,56,HR,114064
97,Employee97,29,HR,109320
98,Employee98,21,Sales,47944
99,Employee99,38,Engineering,113037
100,Employee100,36,Marketing,69377
